{
	"environment": "common/assets/textures/dark.jpg",
	"model": "common/assets/scenes/cbox/cbox.obj",
	"resolution": [
		750,
		750
	],
	"scene": {
		"camera": {
			"mData": {
				"aspectRatio": 1.0,
				"focalDistance": 10.0,
				"focalLength": 21.0,
				"lensRadius": 0.0,
				"pos": [
					-0.010055910795927048,
					1.0200917720794678,
					2.828592300415039
				],
				"target": [
					-0.011140584014356136,
					1.0211291313171387,
					-0.2837386131286621
				],
				"up": [
					0.0,
					1.0,
					0.0
				]
			}
		},
		"cameraController": {
			"mData": {
				"pitch": 0.0003333091735839844,
				"radius": 3.1123313903808594,
				"target": [
					-0.011140584014356136,
					1.0211291313171387,
					-0.2837386131286621
				],
				"yaw": 0.000348508358001709
			}
		}
	},
	"spp": 0
}