{
	"model": "common/assets/scenes/cbox/cbox.obj",
	"resolution": [
		750,
		750
	],
	"passes": [
		{
			"enable": true,
			"name": "PPGPathTracer",
			"params": {
				"nee": true,
				"rr": 0.8,
				"max_depth": 10,
				"spp_per_pass": 10,
				"max_memory": 16,
				"bsdf_fraction": 0.5
			}
		},
		{
			"enable": true,
			"name": "AccumulatePass",
			"params": {
				"spp": 0,
				"mode": "accumulate"
			}
		},
		{
			"enable": true,
			"name": "ErrorMeasurePass",
			"params": {
				"metric": "rel_mse",
				"reference": "common/configs/example.exr"
			}
		},
		{
			"enable": true,
			"name": "ToneMappingPass",
			"params": {
				"exposure": 5,
				"operator": "aces"
			}
		}
	],
	"scene": {
		"camera": {
			"mData": {
				"aspectRatio": 1.0,
				"focalDistance": 10.0,
				"focalLength": 21.0,
				"lensRadius": 0.0,
				"pos": [
					-0.010055910795927048,
					1.0200917720794678,
					2.828592300415039
				],
				"target": [
					-0.011140584014356136,
					1.0211291313171387,
					-0.2837386131286621
				],
				"up": [
					0.0,
					1.0,
					0.0
				]
			}
		},
		"cameraController": {
			"mData": {
				"pitch": 0.0003333091735839844,
				"radius": 3.1123313903808594,
				"target": [
					-0.011140584014356136,
					1.0211291313171387,
					-0.2837386131286621
				],
				"yaw": 0.000348508358001709
			}
		}
	},
	"spp": 0
}