{
    "environment": "$sky.exr",
    "model": "common/assets/scenes/smoke/smoke.vdb",
    "passes": [
        {
            "enable": true,
            "name": "WavefrontPathTracer",
			"params": {
				"nee": false,
                "enable_medium": true,
				"rr": 0.8,
				"max_depth": 20
			}
        },
        {
            "enable": true,
            "name": "AccumulatePass"
        },
        {
            "enable": false,
            "name": "DenoisePass"
        },
        {
            "enable": true,
            "name": "ToneMappingPass",
			"params": {
				"exposure": 0.5,
				"operator": "aces"
			}
        }
    ],
    "resolution": [
        750,
        750
    ],
    "scene": {
        "camera": {
            "mData": {
                "aspectRatio": 1.093298316001892,
                "focalDistance": 10.0,
                "focalLength": 21.0,
                "lensRadius": 0.0,
                "pos": [
                    40.44422149658203,
                    76.87947082519531,
                    42.60365676879883
                ],
                "target": [
                    -17.50305938720703,
                    24.709476470947266,
                    -13.649626731872559
                ],
                "up": [
                    0.0,
                    1.0,
                    0.0
                ]
            }
        },
        "cameraController": {
            "mData": {
                "pitch": -0.5735447406768799,
                "radius": 96.14586639404297,
                "target": [
                    -17.50305938720703,
                    24.709476470947266,
                    -13.649626731872559
                ],
                "yaw": 0.8002305626869202
            }
        }
    }
}
